{
  "project_info": {
    "project_number": "161301769255",
    "project_id": "invest-in-africa-f2e01",
    "storage_bucket": "invest-in-africa-f2e01.appspot.com"
  },
  "client": [
    {
      "client_info": {
        "mobilesdk_app_id": "1:161301769255:android:4c57147349218b61fdf202",
        "android_client_info": {
          "package_name": "com.example.invest_in_africa"
        }
      },
      "oauth_client": [
        {
          "client_id": "161301769255-vfhukpb4u4ud0s56quo7eo6j9qpk4quh.apps.googleusercontent.com",
          "client_type": 1,
          "android_info": {
            "package_name": "com.example.invest_in_africa",
            "certificate_hash": "ffd0e7bcac1a0ebefc438b099b0a7e1d4ebb8bcc"
          }
        },
        {
          "client_id": "161301769255-nog0eoom4n59ksnrmfuunvife4ji362a.apps.googleusercontent.com",
          "client_type": 3
        }
      ],
      "api_key": [
        {
          "current_key": "AIzaSyA40tI6xbawS-PjWL25nvcNHS0dUJ9FAd0"
        }
      ],
      "services": {
        "appinvite_service": {
          "other_platform_oauth_client": [
            {
              "client_id": "161301769255-nog0eoom4n59ksnrmfuunvife4ji362a.apps.googleusercontent.com",
              "client_type": 3
            },
            {
              "client_id": "161301769255-o0qkgu25rjbgugsa79jvrtofn8smhk79.apps.googleusercontent.com",
              "client_type": 2,
              "ios_info": {
                "bundle_id": "com.example.investInAfrica"
              }
            }
          ]
        }
      }
    }
  ],
  "configuration_version": "1"
}