[
        { "name": "Afghanistan", "id": "+93" },
        { "name": "Albania", "id": "+355" },
        { "name": "Algeria", "id": "+213" },
        { "name": "Andorra", "id": "+376" },
        { "name": "Angola", "id": "+244" },
        { "name": "Argentina", "id": "+54" },
        { "name": "Armenia", "id": "+374" },
        { "name": "Australia", "id": "+61" },
        { "name": "Austria", "id": "+43" },
        { "name": "Azerbaijan", "id": "+994" },
        { "name": "Bahamas", "id": "+1-242" },
        { "name": "Bahrain", "id": "+973" },
        { "name": "Bangladesh", "id": "+880" },
        { "name": "Barbados", "id": "+1-246" },
        { "name": "Belarus", "id": "+375" },
        { "name": "Belgium", "id": "+32" },
        { "name": "Belize", "id": "+501" },
        { "name": "Benin", "id": "+229" },
        { "name": "Bhutan", "id": "+975" },
        { "name": "Bolivia", "id": "+591" },
        { "name": "Bosnia and Herzegovina", "id": "+387" },
        { "name": "Botswana", "id": "+267" },
        { "name": "Brazil", "id": "+55" },
        { "name": "Brunei", "id": "+673" },
        { "name": "Bulgaria", "id": "+359" },
        { "name": "Burkina Faso", "id": "+226" },
        { "name": "Burundi", "id": "+257" },
        { "name": "Cambodia", "id": "+855" },
        { "name": "Cameroon", "id": "+237" },
        { "name": "Canada", "id": "+1" },
        { "name": "Cape Verde", "id": "+238" },
        { "name": "Central African Republic", "id": "+236" },
        { "name": "Chad", "id": "+235" },
        { "name": "Chile", "id": "+56" },
        { "name": "China", "id": "+86" },
        { "name": "Colombia", "id": "+57" },
        { "name": "Comoros", "id": "+269" },
        { "name": "Congo", "id": "+242" },
        { "name": "Costa Rica", "id": "+506" },
        { "name": "Croatia", "id": "+385" },
        { "name": "Cuba", "id": "+53" },
        { "name": "Cyprus", "id": "+357" },
        { "name": "Czech Republic", "id": "+420" },
        { "name": "Denmark", "id": "+45" },
        { "name": "Djibouti", "id": "+253" },
        { "name": "Dominica", "id": "+1-767" },
        { "name": "Dominican Republic", "id": "+1-809" },
        { "name": "Ecuador", "id": "+593" },
        { "name": "Egypt", "id": "+20" },
        { "name": "El Salvador", "id": "+503" },
        { "name": "Equatorial Guinea", "id": "+240" },
        { "name": "Eritrea", "id": "+291" },
        { "name": "Estonia", "id": "+372" },
        { "name": "Eswatini", "id": "+268" },
        { "name": "Ethiopia", "id": "+251" },
        { "name": "Fiji", "id": "+679" },
        { "name": "Finland", "id": "+358" },
        { "name": "France", "id": "+33" },
        { "name": "Gabon", "id": "+241" },
        { "name": "Gambia", "id": "+220" },
        { "name": "Georgia", "id": "+995" },
        { "name": "Germany", "id": "+49" },
        { "name": "Ghana", "id": "+233" },
        { "name": "Greece", "id": "+30" },
        { "name": "Grenada", "id": "+1-473" },
        { "name": "Guatemala", "id": "+502" },
        { "name": "Guinea", "id": "+224" },
        { "name": "Guinea-Bissau", "id": "+245" },
        { "name": "Guyana", "id": "+592" },
        { "name": "Haiti", "id": "+509" },
        { "name": "Honduras", "id": "+504" },
        { "name": "Hungary", "id": "+36" },
        { "name": "Iceland", "id": "+354" },
        { "name": "India", "id": "+91" },
        { "name": "Indonesia", "id": "+62" },
        { "name": "Iran", "id": "+98" },
        { "name": "Iraq", "id": "+964" },
        { "name": "Ireland", "id": "+353" },
        { "name": "Israel", "id": "+972" },
        { "name": "Italy", "id": "+39" },
        { "name": "Jamaica", "id": "+1-876" },
        { "name": "Japan", "id": "+81" },
        { "name": "Jordan", "id": "+962" },
        { "name": "Kazakhstan", "id": "+7" },
        { "name": "Kenya", "id": "+254" },
        { "name": "Kiribati", "id": "+686" },
        { "name": "Kuwait", "id": "+965" },
        { "name": "Kyrgyzstan", "id": "+996" },
        { "name": "Laos", "id": "+856" },
        { "name": "Latvia", "id": "+371" },
        { "name": "Lebanon", "id": "+961" },
        { "name": "Lesotho", "id": "+266" },
        { "name": "Liberia", "id": "+231" },
        { "name": "Libya", "id": "+218" },
        { "name": "Liechtenstein", "id": "+423" },
        { "name": "Lithuania", "id": "+370" },
        { "name": "Luxembourg", "id": "+352" },
        { "name": "Madagascar", "id": "+261" },
        { "name": "Malawi", "id": "+265" },
        { "name": "Malaysia", "id": "+60" },
        { "name": "Maldives", "id": "+960" },
        { "name": "Mali", "id": "+223" },
        { "name": "Malta", "id": "+356" },
        { "name": "Marshall Islands", "id": "+692" },
        { "name": "Mauritania", "id": "+222" },
        { "name": "Mauritius", "id": "+230" },
        { "name": "Mexico", "id": "+52" },
        { "name": "Micronesia", "id": "+691" },
        { "name": "Moldova", "id": "+373" },
        { "name": "Monaco", "id": "+377" },
        { "name": "Mongolia", "id": "+976" },
        { "name": "Montenegro", "id": "+382" },
        { "name": "Morocco", "id": "+212" },
        { "name": "Mozambique", "id": "+258" },
        { "name": "Myanmar", "id": "+95" },
        { "name": "Namibia", "id": "+264" },
        { "name": "Nauru", "id": "+674" },
        { "name": "Nepal", "id": "+977" },
        { "name": "Netherlands", "id": "+31" },
        { "name": "New Zealand", "id": "+64" },
        { "name": "Nicaragua", "id": "+505" },
        { "name": "Niger", "id": "+227" },
        { "name": "Nigeria", "id": "+234" },
        { "name": "North Korea", "id": "+850" },
        { "name": "North Macedonia", "id": "+389" },
        { "name": "Norway", "id": "+47" },
        { "name": "Oman", "id": "+968" },
        { "name": "Pakistan", "id": "+92" },
        { "name": "Palau", "id": "+680" },
        { "name": "Palestine", "id": "+970" },
        { "name": "Panama", "id": "+507" },
        { "name": "Papua New Guinea", "id": "+675" },
        { "name": "Paraguay", "id": "+595" },
        { "name": "Peru", "id": "+51" },
        { "name": "Philippines", "id": "+63" },
        { "name": "Poland", "id": "+48" },
        { "name": "Portugal", "id": "+351" },
        { "name": "Qatar", "id": "+974" },
        { "name": "Romania", "id": "+40" },
        { "name": "Russia", "id": "+7" },
        { "name": "Rwanda", "id": "+250" },
        { "name": "Saint Kitts and Nevis", "id": "+1-869" },
        { "name": "Saint Lucia", "id": "+1-758" },
        { "name": "Saint Vincent and the Grenadines", "id": "+1-784" },
        { "name": "Samoa", "id": "+685" },
        { "name": "San Marino", "id": "+378" },
        { "name": "Sao Tome and Principe", "id": "+239" },
        { "name": "Saudi Arabia", "id": "+966" },
        { "name": "Senegal", "id": "+221" },
        { "name": "Serbia", "id": "+381" },
        { "name": "Seychelles", "id": "+248" },
        { "name": "Sierra Leone", "id": "+232" },
        { "name": "Singapore", "id": "+65" },
        { "name": "Slovakia", "id": "+421" },
        { "name": "Slovenia", "id": "+386" },
        { "name": "Solomon Islands", "id": "+677" },
        { "name": "Somalia", "id": "+252" },
        { "name": "South Africa", "id": "+27" },
        { "name": "South Korea", "id": "+82" },
        { "name": "South Sudan", "id": "+211" },
        { "name": "Spain", "id": "+34" },
        { "name": "Sri Lanka", "id": "+94" },
        { "name": "Sudan", "id": "+249" },
        { "name": "Suriname", "id": "+597" },
        { "name": "Sweden", "id": "+46" },
        { "name": "Switzerland", "id": "+41" },
        { "name": "Syria", "id": "+963" },
        { "name": "Taiwan", "id": "+886" },
        { "name": "Tajikistan", "id": "+992" },
        { "name": "Tanzania", "id": "+255" },
        { "name": "Thailand", "id": "+66" },
        { "name": "Timor-Leste", "id": "+670" },
        { "name": "Togo", "id": "+228" },
        { "name": "Tonga", "id": "+676" },
        { "name": "Trinnamead and Tobago", "id": "+1-868" },
        { "name": "Tunisia", "id": "+216" },
        { "name": "Turkey", "id": "+90" },
        { "name": "Turkmenistan", "id": "+993" },
        { "name": "Tuvalu", "id": "+688" },
        { "name": "Uganda", "id": "+256" },
        { "name": "Ukraine", "id": "+380" },
        { "name": "United Arab Emirates", "id": "+971" },
        { "name": "United Kingdom", "id": "+44" },
        { "name": "United States", "id": "+1" },
        { "name": "Uruguay", "id": "+598" },
        { "name": "Uzbekistan", "id": "+998" },
        { "name": "Vanuatu", "id": "+678" },
        { "name": "Vatican City", "id": "+379" },
        { "name": "Venezuela", "id": "+58" },
        { "name": "Vietnam", "id": "+84" },
        { "name": "Yemen", "id": "+967" },
        { "name": "Zambia", "id": "+260" },
        { "name": "Zimbabwe", "id": "+263" }
]